icao24,manufacturername,model,typecode,owner,operatorcallsign,operatoriata
e80469,Boeing,B787-9,B789,Latam Chile,LAN CHILE,LA
e80454,Airbus,A321 211SL,A321,Lan Airlines,LAN,LA
e14c70,Bombardier,Learjet 60,LJ60,Argentine Air Force,FUAER,
e80413,Airbus,A320 233,A320,Latam Chile,LAN CHILE,LA
e8c04f,Boeing,737 3Q8,B733,Peruvian Airlines,,P9
e400ab,Embraer,EMB-170 LR,E170,Empresa Brasileira De Aeronautica,EMBRAER,
e0b146,Boeing,Boeing 737-8U3,B738,Flybondi,,
e80603,Airbus,A320 232,A320,Jat,ROCKSMART,JA
e8c007,Boeing,737 528,B735,Peruvian Air Force,,
e80314,Airbus,A320 233,A320,Sku,AEROSKY,
e8c07d,Boeing,737 530,B735,Peruvian Airlines,,P9
e07598,Bombardier,Learjet 45,LJ45,Corporate Airlink,CORPORATE,
e80320,Airbus,A319 111,A319,Sku,AEROSKY,H2
e0958f,Airbus,A320 232,A320,Jat,ROCKSMART,JA
e481ea,Boeing,727 243F,B722,Total Linhas Aereas,TOTAL,
e40130,Embraer,Phenom 300,E55P,Empresa Brasileira De Aeronautica,EMBRAER,
e49261,Embraer,EMB-190 E2,E190,Empresa Brasileira De Aeronautica,EMBRAER,
e400f7,Embraer,EMB.314 Super Tucano A-29B,E314,Brazilian Air Force,BRAZILIAN AIR FORCE,
e8031d,Airbus,A319 111,A319,Sku,AEROSKY,H2
e8044a,Airbus,A321 211SL,A321,Latam Chile,LAN CHILE,LA
e40050,Embraer,EMB.314 Super Tucano A-29B,E314,Brazilian Air Force,BRAZILIAN AIR FORCE,
e80605,Airbus,A320 200,A320,Jat,ROCKSMART,JA
e80468,Boeing,787-9 Dreamliner,B789,Latam Chile,LAN CHILE,LA
e80608,Airbus,A320 232,A320,Jat,ROCKSMART,JA
e48fc2,Airbus,A320 214SL,A320,Latam Brasil,TAM,JJ
e80319,Airbus,A319 111,A319,Sku,AEROSKY,H2
e03089,Bombardier,Learjet 60,LJ60,Corporate Airlink,CORPORATE,
e80322,Airbus,A319 111,A319,Sku,AEROSKY,H2
e4012f,Embraer,Phenom 300,E55P,Empresa Brasileira De Aeronautica,EMBRAER,
e0218f,Airbus,A320 233,A320,Latam Chile,LAN CHILE,LA
e493d1,Airbus,A320Neo,A20N,Azul Linhas Aéreas Brasileiras,Azul,AD
e4848d,Embraer,Legacy 650,E35L,Empresa Brasileira De Aeronautica,EMBRAER,
e80601,Airbus,A320 232SL,A320,Jat,ROCKSMART,JA
e8cfb9,Bombardier,Learjet 45 XR,LJ45,Peruvian Air Force,,
e8c081,Boeing,737 330,B733,Peruvian Airlines,,P9
e48f80,Embraer,Legacy 450,E545,Empresa Brasileira De Aeronautica,EMBRAER,
e400e3,Embraer,EMB.314 Super Tucano A-29B,E314,Brazilian Air Force,BRAZILIAN AIR FORCE,
e490df,Bombardier,Global Express,GLEX,Balada Eventos E Produções Ltda,,
e803c8,Boeing,737 247,B732,Aerovias Dap,DAP,
e48b01,Boeing,Boeing 737-8EH,B738,Gol Transportes Aéreos,GOL,G3
e490ee,Airbus,A320 214SL,A320,Latam Brasil,TAM,JJ
e490c8,Boeing,767 346F/W,B763,Latam Cargo Chile,LAN CARGO,
e803c4,Boeing,737 2Q3,B732,Aerovias Dap,DAP,
e90b04,Boeing,727 214F,B722,Air Class, S.A. de C.V.,
e47e5a,Embraer,Legacy 650,E35L,Empresa Brasileira De Aeronautica,EMBRAER,
e80415,Airbus,A320 233,A320,Latam Chile,LAN CHILE,LA
e80323,Airbus,A319 111,A319,Sku,AEROSKY,H2
e80215,Boeing,787 9,B789,Lan Airlines,LAN,LA
e4906b,Boeing,767 316ER/W,B763,Latam Brasil,TAM,JJ
e80412,Airbus,A320 233,A320,Latam Chile,LAN CHILE,LA
e481e9,Boeing,727 243F,B722,Total Linhas Aereas,TOTAL,
e8031a,Airbus,A319 111,A319,Sku,AEROSKY,H2
e80462,Airbus Industrie,A-320neo,A20N,Latam Chile,LAN CHILE,LA
e80602,Airbus,A320 232SL,A320,Jat,ROCKSMART,JA
e80313,Airbus,A320 233,A320,Sku,AEROSKY,H2
e80455,Airbus,A321 211SL,A321,Lan Airlines,LAN,LA
e80325,Airbus,A319 112,A319,Sku,AEROSKY,H2
e80214,Boeing,Boeing 787-9,B789,Latam Chile,LAN CHILE,LA
e8c053,Boeing,737 53C,B735,Peruvian Airlines,,P9
e94c4f,Boeing,737-8,B738,Boliviana De Aviación,BOLIVIANA,OB
e80411,Airbus,A320 233,A320,Latam Chile,LAN CHILE,LA
e075cc,Boeing,737NG 85F/W,B738,Andes Lineas Aereas,AEROANDES,
e400c2,Embraer,EMB.314 Super Tucano A-29B,E314,Brazilian Air Force,BRAZILIAN AIR FORCE,
e48265,Boeing,727 2M7F,B722,Total Linhas Aereas,TOTAL,
e8c059,Boeing,737 48E,B734,Peruvian Airlines,,P9
e4809d,Embraer,Phenom 100,E50P,Empresa Brasileira De Aeronautica,EMBRAER,
e495de,Embraer,E195-E2,E295,Azul Linhas Aéreas Brasileiras,Azul,AD
e40132,Embraer,Phenom 300,E55P,Empresa Brasileira De Aeronautica,EMBRAER,
e0814b,Airbus,A320 232,A320,Jat,ROCKSMART,JA
e400d4,Embraer,EMB-190 100,E190,Empresa Brasileira De Aeronautica,EMBRAER,
e8c075,Boeing,737 530,B735,Peruvian Airlines,,P9
e4015a,Embraer,EMB.314 Super Tucano A-29,E314,Brazilian Air Force,BRAZILIAN AIR FORCE,
e8020e,Airbus,A320 214SL,A320,Lan Airlines,LAN,LA
e90d08,Boeing,727 227F,B722,Aerosucre,AEROSUCRE,
e02506,Bombardier,Learjet 31 A,LJ31,Corporate Airlink,CORPORATE,
e0268a,Bombardier,Learjet 60 XR,LJ60,Corporate Airlink,CORPORATE,
e80321,Airbus,A319 111,A319,Sky Airline,AEROSKY,H2
e40172,Embraer,Legacy 650,E35L,Empresa Brasileira De Aeronautica,EMBRAER,
e40131,Embraer,Phenom 300,E55P,Empresa Brasileira De Aeronautica,EMBRAER,
e49443,Airbus Industrie,A-320neo,A20N,Azul Linhas Aéreas Brasileiras,Azul,AD
e80600,Airbus,A320 232SL,A320,Jat,ROCKSMART,JA
e8031e,Airbus,A319 111,A319,Sku,AEROSKY,H2
e80324,Airbus,A319 112,A319,Sku,AEROSKY,
e08594,Airbus,A320 232,A320,Jat,ROCKSMART,JA
e40410,Embraer,EMB.314 Super Tucano A-29B,E314,Brazilian Air Force,BRAZILIAN AIR FORCE,
e80606,Airbus,A320 232,A320,Jat,ROCKSMART,JA
e80317,Airbus,A320 231,A320,Sku,AEROSKY,H2
e400d6,Embraer,EMB-190 100,E190,Empresa Brasileira De Aeronautica,EMBRAER,
e49271,Airbus,ATR-72,AT76,Azul Linhas Aéreas Brasileiras,Azul,AD
e8031b,Airbus,A319 111,A319,Sku,AEROSKY,H2
e8045d,Airbus,A320 271N,A20N,Latam Chile,LAN CHILE,LA
e8c05e,Boeing,737 3Y0QC,B733,Peruvian Airlines,,P9
e8c039,Boeing,737 247,B732,Peruvian Airlines,,P9
e48b00,Boeing,Boeing 737-8HX,B738,Gol Transportes Aéreos,GOL TRANSPORTE,G3
e8021c,Boeing,Boeing 767-316(ER),B763,Latam Chile,LAN CHILE,LA
e49337,Boeing,767 316ER/W,B763,Latam Brasil,TAM,JJ
e80335,Airbus,320-251N,A20N,Sky Airline,AEROSKY,H2
e48aac,Embraer,Legacy 500,E550,Empresa Brasileira De Aeronautica,EMBRAER,
e40148,Embraer,Phenom 100,E50P,Empresa Brasileira De Aeronautica,EMBRAER,
e8c079,Boeing,737 530,B735,Peruvian Airlines,,P9
e01645,Boeing,737 5H6,B735,Argentine Air Force,FUAER,
e8041b,Airbus,A320 233,A320,Latam Chile,LAN CHILE,LA
e80408,Airbus,A319 132,A319,Latam Chile,LAN CHILE,LA
e4018f,Embraer,EMB-545 Praetor 500,E545,Empresa Brasileira De Aeronáutica,EMBRAER,
e480a0,Boeing,727 2M7F,B722,Total Linhas Aereas,TOTAL,
e4953a,Airbus Industrie,A-320neo,A20N,Azul Linhas Aéreas Brasileiras,Azul,AD
e8031c,Airbus,A319 111,A319,Sku,AEROSKY,H2
e08192,Boeing,737-86J,B738,Fb Líneas Aéreas S.a.,,
e80417,Airbus,A320 233,A320,Latam Chile,LAN CHILE,LA
e8031f,Airbus,A319 111,A319,Sku,AEROSKY,H2
e8c018,Boeing,737 230,B732,Peruvian Airlines,,P9
e8043f,Airbus,A320 214,A320,Lat,LAN CHILE,LA
e0820b,Boeing,737NG 85F/W,B738,Andes Lineas Aereas,AEROANDES,
e49450,Airbus Industrie,A-320neo,A20N,Latam Brasil,TAM,JJ
e80604,Airbus,A320 232,A320,Jat,ROCKSMART,JA
e80457,Airbus,A321 211SL,A321,Latam Chile,LAN CHILE,LA
e02483,Bombardier,Learjet 31 A,LJ31,Corporate Airlink,CORPORATE,
e401b9,Embraer,Lineage 1000 E,E190,Empresa Brasileira De Aeronautica,EMBRAER,
e4809c,Embraer,Phenom 100,E50P,Empresa Brasileira De Aeronautica,EMBRAER,
486258,Embraer,E195-E2,E295,Klm Cityhopper,KLM,WA
485871,Embraer,ERJ-190STD,E190,Klm Cityhopper,KLM,WA
480854,Boeing-mcdonnell Douglas,NAH-64D Apache,H64,Royal Netherlands Air Force,NETHERLANDS AIR FORCE,
3c70c4,Boeing,Boeing 777-FBT,B77L,Lufthansa Cargo,LUFTHANSA CARGO,LH
406090,Airbus Sas,AIRBUS A318-112,A318,Titan Airways,ZAP,ZT
3c64a3,Airbus,321-271NX,A21N,Deutsche Lufthansa Ag - Germany,LUFTHANSA,
3c6545,Airbus Industrie,A320-271N,A20N,Lufthansa,LUFTHANSA,LH
480838,Boeing-vertol,CH-47D Chinook,H47,Royal Netherlands Air Force,NETHERLANDS AIR FORCE,
3c64a6,Airbus Industrie,A321-271NX,A21N,Lufthansa,LUFTHANSA,LH
40796e,Airbus Sas,Airbus A321-211,A321,Jet2.com Limited - United Kingdom,CHANNEX,
4863db,Embraer,E195-E2,E295,Klm Cityhopper,KLM,WA
3455c1,Airbus,A330-202,A332,Iberia Airlines,IBERIA,IB
485d61,Embraer Harbin Cn,Embraer 145LI,E145,Jetnetherlands B.v. - Netherlands,,
3c66e6,Airbus Industrie,A320-214,A320,Lufthansa,LUFTHANSA,LH
341683,Airbus,A321-212,A321,Iberia Airlines,IBERIA,IB
4079f7,Airbus,A320-251N,A20N,British Airways,SPEEDBIRD,BA
3c6709,Airbus Industrie,A350-941,A359,Lufthansa,LUFTHANSA,LH
4075b3,Airbus Industrie,A350-1041,A35K,Virgin Atlantic Airways,VIRGIN,VS
3c5464,Embraer,EMB-190 LR,E190,Dlh Lufthansa Regional,LUFTHANSA,
407844,Airbus Sas,Airbus A321-251NX,A21N,British Airways Plc,SPEEDBIRD,BA
3c65a1,Airbus,A380 841,A388,Lufthansa,LUFTHANSA,LH
48085f,Boeing-mcdonnell Douglas,NAH-64D Apache,H64,Royal Netherlands Air Force,NETHERLANDS AIR FORCE,
34635a,Boeing,787-9 Dreamliner,B789,Air Europa,EUROPA,UX
341285,Airbus,A321-251NX,A21N,Iberia Express,IBEREXPRESS,I2
48455e,Boeing,Boeing 777-306(ER),B77W,Klm,KLM,KL
3c6569,Airbus,Airbus A330-343X,A333,Lufthansa,LUFTHANSA,LH
406b7e,Embraer Sa,EMB-135BJ Legacy 650,E35L,Air Charter Scotland,SALTIRE,
400e77,Boeing Company,BOEING 757-256,B752,Titan Airways,ZAP,ZT
40780d,Airbus Sas,321-251NX,A21N,British Airways Shuttle Flights - United Kingdom,SHUTTLE,
484130,Boeing,737NG 8K2/W,B738,Klm,KLM,KL
3c4dc9,Bombardier,CRJ 900 LR NG,CRJ9,Lufthansa Cityline,HANSALINE,CL
407862,Boeing,Boeing 737-85P,B738,Jet2.com Limited - United Kingdom,CHANNEX,
406b1b,Boeing Company,BOEING 737-4Y0,B734,Atlantic Airlines,NEPTUNE,
407901,Embraer,EMB-135BJ Legacy,E35L,Flairjet Ltd - United Kingdom,,
3430c4,Airbus,Airbus A319 111,A319,Iberia Airlines,IBERIA,IB
3c66e4,Airbus Industrie,A320-214,A320,Lufthansa,LUFTHANSA,LH
4076e8,Airbus Industrie,A350-1041,A35K,British Airways,SPEEDBIRD,BA
3440cd,Embraer,EMB-195 LR,E195,Air Europa,EUROPA,UX
4077c8,Airbus Helicopters Deutschland,MBB BK-117D2 (H145),EC45,Uk Hems - United Kingdom,,
40787b,Boeing Charleston (chs),Boeing 787-9,B789,Tui Airways Limited - United Kingdom,TOMSON,
48ae26,Boeing Everett Wa (pae),Boeing 787-9,B789,Lot - Polish Airlines - Poland,POLLOT,
48ae80,Boeing,Boeing 737-89P (W),B738,Lot - Polish Airlines - Poland,POLLOT,
343315,Airbus,Airbus A340-642,A346,Iberia Airlines,IBERIA,IB
3c65c4,Airbus,A320 271NSL,A20N,Lufthansa,LUFTHANSA,LH
3c65cd,Airbus Industrie,A-320neo,A20N,Lufthansa,LUFTHANSA,LH
48adad,Embraer,ERJ-195AR (190-200IGW),E195,Lot - Polish Airlines - Poland,POLLOT,
3c65cb,Airbus Industrie,A320-271N,A20N,Lufthansa,LUFTHANSA,LH
3c656b,Airbus,Airbus A330-343E,A333,Lufthansa,LUFTHANSA,LH
400ceb,Airbus Sas,AIRBUS A321-231,A321,British Airways,SPEEDBIRD,BA
3420ce,Airbus,A319 111,A319,Iberia Airlines,IBERIA,IB
ae0424,Boeing,KC-135R,K35R,United States Air Force,AIR CHIEF,
a5d57d,Boeing,757-24APF,B752,United Parcel Service,UPS,5X
ac733b,Boeing,737-900ER,B739,Delta Air Lines,DELTA,DL
ae11f8,Boeing,C-40B,B737,United States Air Force,AIR CHIEF,
a52c5c,Boeing,757-24APF,B752,United Parcel Service,UPS,5X
a7e310,Boeing,747-8F,B748,United Parcel Service,UPS,5X
ab774b,Boeing,737-823,B738,American Airlines,AMERICAN,AA
abaa6e,Bombardier Inc,CL-600-2B19,CRJ2,Delta Air Lines,DELTA,DL
a77e8f,Bombardier Inc,CL-600-2D24,CRJ9,American Airlines,AMERICAN,AA
a76a3a,Boeing,747-44AF,B744,United Parcel Service,UPS,5X
ae1235,Boeing,C-17A Globemaster III,C17,United States Air Force,AIR CHIEF,
ad03ae,Boeing,737-9GPER,B739,Delta Air Lines,DELTA,DL
ac2a33,Boeing,737-823,B738,American Airlines,AMERICAN,AA
a0f427,Boeing,787-10,B78X,United Airlines,UNITED,UA
ab2760,Boeing,737-932ER,B739,Delta Air Lines,DELTA,DL
a43e60,Boeing,737-8,B38M,United Airlines,UNITED,UA
ae1242,Boeing,C-17A Globemaster III,C17,United States Air Force,AIR CHIEF,
ace5bb,Boeing,717-200,B712,Delta Air Lines,DELTA,DL
ae0149,Boeing,KC-135R,K35R,United States Air Force,AIR CHIEF,
a7cd0c,Bombardier Inc,CL-600-2B19,CRJ2,Delta Connection,DELTA,DL
ae0381,Boeing,KC-135R,K35R,United States Air Force,AIR CHIEF,
ac3e53,Bombardier Inc,CL-600-2B19,CRJ2,Delta Air Lines,DELTA,DL
a68336,Airbus Sas,A350-941,A359,Delta Air Lines,DELTA,DL
ab9d96,Embraer,EMB-135KL,E135,American Airlines,AMERICAN,AA
a3183d,Bombardier Inc,CL-600-2D24,CRJ9,Delta Air Lines,DELTA,DL
a7e9e7,Bombardier Inc,CL-600-2D24,CRJ9,American Airlines,AMERICAN,AA
a0267b,Airbus,A321-211,A321,Delta Air Lines,DELTA,DL
ae4d69,Boeing,C-17A Globemaster III,C17,United States Air Force,AIR CHIEF,
a32ffe,Boeing,767-34AF,B763,United Parcel Service,UPS,5X
a4493a,Boeing,737-9,,United Airlines,UNITED,UA
